{"cameraMode":{"drawMode":0,"name":"Shaded","section":"Shading Mode"},"sceneLighting":false,"audioPlay":false,"sceneViewState":{"m_AlwaysRefresh":false,"showFog":true,"showSkybox":true,"showFlares":true,"showImageEffects":true,"showParticleSystems":true,"showVisualEffectGraphs":true,"m_FxEnabled":true},"in2DMode":false,"pivot":{"x":0.335690975189209,"y":-8.999895095825196,"z":-17.205291748046876},"rotation":{"x":-0.040200117975473407,"y":0.9596544504165649,"z":-0.20515485107898713,"w":-0.18804524838924409},"size":11.546059608459473,"orthographic":false}